hdi-rank,group,label,gii-value,gii-rank,gii-parliament,population,life-expectancy,health-expend,edu-secondary,edu-tertiary,gdp-total,gdp-capita,price-index,labor-rate,unemployment,homicide,suicide-female,suicide-male,trade,foreign-invest,intl-student,intl-tourist,fossil-fuel,co2-gdp
1,Countries,Norway,0.045,6,40.828,5.379,70.837,10.446,94.921,81.992,340.303,"63,633.102",120.270,63.804,3.346,0.468,6.5,13.6,72.147,0.445,-3.079,"5,688",56.952,0.109
2,Countries,Ireland,0.093,23,24.312,4.882,70.352,7.184,81.120,77.781,428.825,"86,781.390",106.584,62.067,4.928,0.872,4.2,17.6,239.215,-20.393,2.240,"10,926",85.343,0.112
2,Countries,Switzerland,0.025,1,38.618,8.591,72.024,12.346,96.149,59.563,588.472,"68,627.829",99.547,68.253,4.581,0.586,6.9,15.8,119.439,-2.615,12.985,"10,362",50.168,0.080
4,Countries,"Hong Kong, China (SAR)",,,,7.436,,,79.400,76.922,449.640,"59,892.866",134.593,60.073,3.629,0.651,,,352.822,14.526,-0.697,"29,263",93.173,0.108
4,Countries,Iceland,0.058,9,38.095,0.339,72.315,8.326,100.000,71.845,20.188,"55,873.951",129.003,75.033,2.842,0.891,4.7,21.7,85.917,-1.801,-7.831,"2,344",11.289,0.135
6,Countries,Germany,0.084,20,31.620,83.517,69.720,11.247,96.088,70.247,"4,473.822","53,815.365",112.855,60.811,3.043,0.948,4.8,13.6,88.099,1.326,4.421,"38,881",78.863,0.197
7,Countries,Sweden,0.039,3,47.278,10.036,71.389,11.019,89.302,66.988,547.238,"53,205.056",110.509,64.562,6.476,1.083,7.4,15.8,90.486,4.557,2.854,"7,440",25.117,0.083
8,Countries,Australia,0.097,25,36.564,25.203,70.305,9.206,90.985,113.142,"1,262.034","49,756.307",119.797,65.518,5.268,0.892,6.0,17.4,45.686,2.772,20.718,"9,246",89.626,0.337
8,Countries,Netherlands,0.043,4,33.778,17.097,70.623,10.101,88.921,84.980,990.423,"57,141.370",115.908,63.620,3.196,0.586,6.4,12.9,154.322,3.086,8.893,"18,780",93.461,0.191
10,Countries,Denmark,0.038,2,39.106,5.772,69.923,10.108,90.949,80.616,332.729,"57,184.193",110.347,62.218,4.913,1.008,5.2,13.2,105.002,-1.859,9.056,"12,749",64.927,0.117
11,Countries,Finland,0.047,7,47.000,5.532,70.337,9.207,100.000,88.198,268.404,"48,621.089",112.332,59.081,6.595,1.630,6.8,20.8,79.467,3.081,4.490,"3,224",40.208,0.194
11,Countries,Singapore,0.065,12,23.000,5.804,74.481,4.440,81.424,84.793,555.194,"97,341.469",114.406,70.538,4.109,0.156,4.9,11.1,319.148,28.346,10.509,"14,673",90.579,0.101
13,Countries,United Kingdom,0.118,31,28.909,67.530,69.109,9.632,78.799,59.996,"3,121.120","46,699.302",119.623,62.774,3.851,1.205,3.5,11.9,64.254,0.956,16.468,"36,316",80.352,0.138
14,Countries,Belgium,0.043,4,43.333,11.539,69.719,10.339,86.596,79.662,593.815,"51,707.792",117.110,53.562,5.589,1.690,9.4,22.2,163.293,-5.386,5.693,"9,119",75.871,0.190
14,Countries,New Zealand,0.123,33,40.833,4.783,69.587,9.170,97.165,82.033,210.878,"42,887.518",114.241,69.908,4.069,0.744,6.2,17.3,55.942,1.908,17.834,"3,686",59.749,0.192
16,Countries,Canada,0.080,19,33.183,37.411,70.449,10.573,100.000,68.923,"1,843.053","49,031.380",116.757,65.071,5.564,1.756,5.8,15.1,64.977,2.584,9.879,"21,134",74.089,0.347
17,Countries,United States,0.204,46,23.729,329.065,65.432,17.061,96.029,88.167,"20,574.972","62,682.800",117.244,62.049,3.682,4.957,6.4,21.1,26.389,1.454,4.724,"79,746",82.428,0.274
18,Countries,Austria,0.069,14,38.525,8.955,70.604,10.397,99.967,85.057,500.244,"56,352.445",118.058,60.684,4.674,0.967,5.7,17.5,107.725,2.939,12.732,"30,816",65.662,0.167
19,Countries,Israel,0.109,26,23.333,8.519,71.818,7.407,89.279,63.355,363.598,"40,161.919",108.150,64.042,3.861,1.492,2.4,8.2,58.465,4.613,-0.957,"4,121",97.382,0.226
19,Countries,Japan,0.094,24,14.507,126.860,73.843,10.936,93.762,,"5,231.066","41,429.288",105.482,61.726,2.291,0.263,8.1,20.5,36.817,0.732,3.442,"31,192",93.026,0.235
19,Countries,Liechtenstein,,,12.000,0.038,,,,35.622,,,,,,2.637,,,,595.154,-43.928,85,,
22,Countries,Slovenia,0.063,10,22.308,2.079,70.382,8.187,97.773,78.589,80.780,"38,688.783",111.051,58.361,4.195,0.481,4.5,22.4,159.736,2.571,-0.084,"4,425",61.114,0.214
23,Countries,Korea (Republic of),0.064,11,16.667,51.225,72.326,7.604,86.045,94.350,"2,205.971","42,661.172",115.159,62.970,4.148,0.604,11.6,29.6,76.709,0.643,-1.103,"15,347",81.028,0.324
23,Countries,Luxembourg,0.065,12,25.000,0.616,70.993,5.481,100.000,19.152,70.967,"114,481.534",115.088,59.327,5.363,0.338,5.8,15.0,381.517,-7.917,-109.337,"1,018",80.562,0.167
25,Countries,Spain,0.070,16,41.857,46.737,71.598,8.873,77.722,88.853,"1,924.655","40,883.325",110.962,57.492,13.959,0.621,3.1,9.3,66.917,1.325,1.172,"82,773",72.956,0.162
26,Countries,France,0.049,8,36.865,65.130,71.502,11.313,84.021,65.629,"3,097.062","46,183.522",110.049,55.126,8.427,1.199,6.5,17.9,64.523,2.471,6.672,"89,322",46.488,0.121
27,Countries,Czechia,0.136,36,20.641,10.689,68.602,7.231,99.977,64.079,430.141,"40,314.229",116.476,60.559,1.933,0.620,4.2,17.2,144.877,3.786,8.814,"10,611",77.735,0.302
28,Countries,Malta,0.175,40,14.925,0.440,71.065,9.341,82.179,54.260,21.785,"43,340.200",113.452,56.527,3.473,1.594,2.8,10.3,261.012,30.272,0.750,"2,599",97.788,0.091
29,Countries,Estonia,0.086,21,29.703,1.326,68.129,6.429,100.000,69.635,48.700,"36,710.411",122.142,63.560,5.115,2.117,4.4,25.6,141.154,9.232,0.054,"3,234",13.056,0.427
29,Countries,Italy,0.069,14,35.263,60.550,71.238,8.840,79.727,61.933,"2,557.373","42,412.665",110.624,49.555,9.887,0.569,2.6,8.4,60.139,1.460,1.268,"61,567",79.948,0.155
31,Countries,United Arab Emirates,0.079,18,50.000,9.771,64.379,3.334,78.918,,655.789,"67,119.133",114.525,82.094,2.348,0.464,0.8,3.5,160.936,2.460,27.742,"21,286",86.128,0.317
32,Countries,Greece,0.116,29,20.667,10.473,69.911,8.041,64.828,136.603,324.861,"30,314.566",101.949,51.767,17.238,0.941,1.5,6.1,74.384,2.198,-1.623,"30,123",82.575,0.244
33,Countries,Cyprus,0.086,21,17.857,1.199,69.900,6.685,81.773,75.941,34.869,"39,544.682",102.511,63.059,7.274,1.261,1.9,7.2,142.643,97.053,-51.173,"3,939",92.906,0.229
34,Countries,Lithuania,0.124,34,21.277,2.760,66.563,6.458,95.886,72.417,103.043,"36,974.946",118.382,61.618,6.352,4.569,6.7,47.5,150.581,2.496,-3.646,"2,825",67.994,0.135
35,Countries,Poland,0.115,28,27.857,37.888,68.118,6.542,85.788,67.827,"1,256.319","33,086.390",114.112,56.701,3.474,0.730,3.4,23.9,106.243,2.538,2.516,"19,622",90.291,0.305
36,Countries,Andorra,,,46.429,0.077,70.878,10.321,72.327,,,,,,,0.000,,,,,-215.932,"3,042",,
37,Countries,Latvia,0.176,41,30.000,1.907,66.317,5.956,100.000,88.057,58.971,"30,830.091",116.857,61.411,6.520,4.356,5.1,31.0,119.730,2.635,1.005,"1,946",56.717,0.143
38,Countries,Portugal,0.075,17,38.696,10.226,70.210,8.970,54.303,63.936,357.355,"34,797.994",110.624,58.811,6.334,0.790,3.8,14.3,87.641,3.480,2.350,"16,186",77.024,0.175
39,Countries,Slovakia,0.191,45,20.000,5.457,67.612,6.743,99.281,46.634,178.853,"32,792.555",115.339,59.541,5.561,1.137,2.6,18.4,185.250,2.194,-13.868,"2,256",64.092,0.198
40,Countries,Hungary,0.233,51,12.563,9.685,66.790,6.880,97.378,48.500,318.724,"32,622.851",121.642,56.468,3.399,2.487,6.2,22.2,162.981,3.785,5.698,"17,552",69.550,0.181
40,Countries,Saudi Arabia,0.252,56,19.868,34.269,64.481,5.230,68.848,68.040,"1,609.323","46,962.141",118.400,55.880,5.927,1.266,1.7,4.6,62.163,0.575,-0.355,"15,334",99.928,0.337
42,Countries,Bahrain,0.212,49,18.750,1.641,66.588,4.748,72.347,50.482,73.895,"45,025.772",117.591,73.362,0.714,0.524,2.1,7.9,151.405,0.295,-0.503,"12,045",99.366,0.471
43,Countries,Chile,0.247,55,22.727,18.952,69.226,8.984,79.647,88.464,459.135,"24,226.151",131.914,62.644,7.090,4.405,3.8,16.0,56.762,2.039,-0.910,"5,723",74.647,0.223
43,Countries,Croatia,0.116,29,20.530,4.130,68.210,6.789,95.845,67.866,115.958,"28,508.517",109.816,51.182,6.935,0.577,5.1,18.8,102.850,1.937,-5.261,"16,645",70.704,0.180
45,Countries,Qatar,0.185,43,9.756,2.832,66.266,2.607,68.159,17.870,262.394,"92,651.070",115.381,86.820,0.091,0.366,1.1,7.3,86.547,-1.533,14.423,"1,819",99.995,0.265
46,Countries,Argentina,0.328,75,39.877,44.781,66.792,9.124,57.158,89.959,990.177,"22,033.945",232.751,61.302,9.789,5.324,3.5,15.0,32.394,1.389,2.542,"6,942",87.722,0.223
47,Countries,Brunei Darussalam,0.255,60,9.091,0.433,65.262,2.373,70.203,31.393,26.907,"62,099.588",99.027,64.678,9.117,0.495,2.8,6.2,108.510,2.771,-24.834,278,99.995,0.222
48,Countries,Montenegro,0.109,26,28.395,0.628,66.490,,91.619,56.081,13.300,"21,378.575",116.320,54.443,14.883,2.230,3.6,12.6,109.454,8.267,,"2,077",64.665,0.222
49,Countries,Romania,0.276,61,19.570,19.365,66.360,5.158,90.783,49.382,578.934,"29,908.979",123.780,54.662,3.976,1.282,2.4,13.9,84.560,2.764,-1.518,"11,720",72.524,0.158
50,Countries,Palau,,,13.793,0.018,59.198,11.961,97.123,,0.324,"18,070.038",118.169,,,11.166,,,123.298,7.571,,106,,
51,Countries,Kazakhstan,0.190,44,22.078,18.551,63.160,3.125,99.459,61.750,487.869,"26,351.439",182.750,68.757,4.590,5.061,7.7,40.1,64.432,1.992,-11.304,"8,789",99.174,0.601
52,Countries,Russian Federation,0.225,50,16.452,145.872,63.744,5.345,95.926,81.909,"3,968.180","27,043.935",180.750,61.801,4.585,8.209,7.5,48.3,49.074,1.870,3.296,"24,551",92.143,0.476
53,Countries,Belarus,0.118,31,34.940,9.452,65.062,5.926,92.217,87.429,181.287,"19,149.638",,64.131,4.595,2.391,6.2,39.3,133.346,2.019,-1.156,"11,502",92.440,0.338
54,Countries,Turkey,0.306,68,17.450,83.430,67.814,4.216,60.346,,"2,349.995","28,167.397",234.437,52.829,13.490,2.590,3.2,11.3,61.395,1.117,0.859,"45,768",86.843,0.192
55,Countries,Uruguay,0.288,62,20.930,3.462,67.447,9.296,56.832,63.126,74.639,"21,561.062",202.922,64.021,8.731,12.060,7.1,26.8,41.030,1.338,,"3,469",46.270,0.084
56,Countries,Bulgaria,0.206,48,25.833,7.000,64.582,8.096,95.498,71.031,161.080,"23,091.342",114.418,55.367,4.340,1.305,3.2,13.1,123.723,2.214,-4.474,"9,273",71.046,0.333
57,Countries,Panama,0.407,94,21.127,4.246,69.245,7.319,72.204,47.799,133.587,"31,458.693",122.069,66.589,3.902,9.385,1.2,7.6,89.392,9.084,,"1,785",80.713,0.107
58,Countries,Bahamas,0.341,77,21.818,0.389,64.238,5.759,88.438,,13.937,"35,782.798",116.219,74.559,10.360,31.958,0.5,2.8,77.350,3.955,,"1,633",,
58,Countries,Barbados,0.252,56,29.412,0.287,66.700,6.779,93.151,,4.489,"15,638.830",134.091,65.227,10.331,9.768,0.3,0.8,83.692,3.836,3.856,680,,
60,Countries,Oman,0.306,68,9.884,4.975,64.759,3.849,66.633,38.036,138.784,"27,896.337",113.529,72.369,2.671,0.269,0.9,4.8,100.686,8.000,-9.312,"2,301",99.963,0.380
61,Countries,Georgia,0.331,76,14.765,3.997,64.491,7.602,97.952,63.916,55.859,"15,014.288",133.612,68.330,14.398,2.223,1.9,12.3,116.869,7.152,-2.318,"4,757",72.210,0.246
62,Countries,Costa Rica,0.288,62,45.614,5.048,69.380,7.329,54.443,55.208,99.146,"19,642.418",128.846,62.099,11.854,11.261,2.3,12.8,66.099,4.058,,"3,017",49.880,0.101
62,Countries,Malaysia,0.253,59,15.517,31.950,65.651,3.859,74.725,45.125,905.795,"28,350.590",121.463,64.289,3.324,2.128,3.6,8.7,123.091,2.390,3.004,"25,832",96.628,0.254
64,Countries,Kuwait,0.242,53,4.615,4.207,70.251,5.291,51.527,54.364,209.707,"49,846.144",126.602,73.493,2.182,,1.7,2.5,100.488,-0.015,,"8,508",93.690,0.337
64,Countries,Serbia,0.132,35,37.652,8.772,66.326,8.434,89.800,67.159,126.258,"18,179.775",143.998,54.876,12.686,1.227,5.2,17.3,112.644,8.329,-1.438,"1,711",83.871,0.491
66,Countries,Mauritius,0.347,78,20.000,1.270,65.154,5.719,67.200,40.596,29.098,"22,989.342",129.914,58.313,6.674,2.920,2.2,12.5,92.809,2.620,-16.927,"1,399",84.542,0.166
67,Countries,Seychelles,,,21.212,0.098,64.362,5.007,,17.080,2.837,"29,055.749",129.958,,,12.538,2.1,15.0,155.246,13.873,-37.145,362,,
67,Countries,Trinidad and Tobago,0.323,73,32.877,1.395,65.185,6.979,73.458,,36.515,"26,175.952",141.753,59.957,2.686,30.650,4.3,21.9,,-2.948,,375,99.920,0.467
69,Countries,Albania,0.181,42,29.508,2.881,68.859,,93.174,54.961,39.850,"13,961.797",119.049,55.732,12.331,2.289,4.3,7.0,76.728,7.912,-13.852,"5,340",61.422,0.132
70,Countries,Cuba,0.304,67,53.223,11.333,68.429,11.711,87.900,41.379,,,,53.581,1.638,5.046,4.1,16.4,27.095,,4.094,"4,684",85.596,0.112
70,Countries,Iran (Islamic Republic of),0.459,113,5.882,82.914,66.829,8.660,70.153,68.116,"1,172.666","14,535.863",550.929,44.665,11.382,2.499,3.1,4.9,48.781,1.127,-0.784,"7,295",99.023,0.376
72,Countries,Sri Lanka,0.401,90,5.333,21.324,66.946,3.811,80.025,19.630,285.142,"13,078.098",155.529,53.915,4.198,2.421,6.2,23.3,52.371,1.821,-6.686,"2,334",50.546,0.094
73,Countries,Bosnia and Herzegovina,0.149,38,21.053,3.301,66.959,8.932,81.363,,49.168,"14,894.787",104.896,46.395,18.425,1.173,2.5,10.6,95.881,2.576,-5.687,"1,053",77.522,0.567
74,Countries,Grenada,,,39.286,0.112,64.026,4.757,0.000,104.562,1.931,"17,241.532",107.426,,,10.823,1.0,2.1,110.048,13.156,65.933,185,,
74,Countries,Mexico,0.322,71,48.408,127.576,65.356,5.517,63.167,40.229,"2,519.162","19,746.436",141.543,60.680,3.425,29.071,2.3,8.2,78.176,2.295,-0.221,"41,313",90.426,0.211
74,Countries,Saint Kitts and Nevis,,,13.333,0.053,63.114,5.037,,86.681,1.392,"26,356.551",104.565,,,,,,122.671,9.255,61.302,125,,
74,Countries,Ukraine,0.234,52,20.519,43.994,64.622,6.995,94.597,82.671,538.388,"12,810.289",281.659,54.151,8.882,6.184,4.7,34.5,90.174,1.979,-1.492,"14,104",75.350,0.520
78,Countries,Antigua and Barbuda,,,31.429,0.097,66.620,4.534,,,2.128,"21,908.459",113.808,,,,0.9,0.0,90.185,8.390,-19.866,269,,
79,Countries,Peru,0.395,87,30.000,32.510,69.904,4.995,64.095,70.738,417.691,"12,847.885",129.785,77.633,3.310,7.909,2.7,7.6,47.122,2.922,,"4,419",79.556,0.129
79,Countries,Thailand,0.359,80,14.133,69.626,68.400,3.746,45.909,49.287,"1,285.504","18,463.094",113.266,67.326,0.754,2.582,4.8,21.4,110.299,1.162,0.033,"38,178",79.839,0.222
81,Countries,Armenia,0.245,54,23.485,2.958,66.637,10.363,97.222,54.570,40.384,"13,653.750",129.176,55.624,16.990,1.694,2.0,10.1,91.432,1.861,-1.314,"1,652",74.562,0.205
82,Countries,North Macedonia,0.143,37,39.167,2.083,65.380,6.062,49.926,42.460,34.390,"16,506.085",113.396,55.094,17.759,1.200,3.0,9.7,137.277,3.757,-3.955,707,79.426,0.274
83,Countries,Colombia,0.428,101,19.565,50.339,69.570,7.226,54.744,55.327,741.545,"14,730.885",140.950,68.771,9.707,25.344,2.8,11.5,38.095,4.476,-1.630,"3,904",76.686,0.119
84,Countries,Brazil,0.408,95,14.983,211.050,65.199,9.467,60.372,51.344,"3,092.217","14,651.616",167.398,63.884,12.083,27.383,2.8,9.7,28.977,4.270,-0.445,"6,621",59.108,0.148
85,Countries,China,0.168,39,24.941,"1,433.784",68.526,5.151,79.151,50.604,"22,526.559","16,116.704",125.083,67.987,4.320,0.527,8.3,7.9,35.680,1.086,-1.747,"62,900",87.670,0.445
86,Countries,Ecuador,0.384,86,37.956,17.374,66.737,8.257,53.007,44.892,197.631,"11,375.331",124.143,68.038,3.968,5.801,3.8,10.7,46.740,0.899,-1.808,"2,535",86.885,0.200
86,Countries,Saint Lucia,0.401,90,20.690,0.183,65.150,4.546,45.954,14.067,2.824,"15,448.794",110.132,67.104,20.706,21.442,2.1,12.7,,1.938,-16.621,395,,
88,Countries,Azerbaijan,0.323,73,16.807,10.048,63.011,6.652,95.641,27.709,144.374,"14,403.850",156.891,66.502,5.509,2.201,1.0,4.3,86.044,3.130,-18.670,"2,633",98.366,0.201
88,Countries,Dominican Republic,0.455,112,24.324,10.739,64.215,6.136,56.876,59.916,197.801,"18,419.034",135.499,64.321,5.845,10.050,3.2,17.9,52.960,3.176,0.921,"6,569",86.564,0.139
90,Countries,Moldova (Republic of),0.204,46,25.743,4.043,65.149,7.013,97.290,39.821,34.639,"13,033.864",166.196,43.086,5.473,4.097,3.8,24.1,85.769,4.960,-14.803,160,88.688,0.417
91,Countries,Algeria,0.429,103,21.549,43.053,66.303,6.374,38.920,51.366,488.639,"11,349.701",151.362,41.150,11.704,1.364,1.8,4.9,52.045,0.867,-1.112,"2,657",99.978,0.232
92,Countries,Lebanon,0.411,96,4.688,6.856,66.041,8.196,54.884,,100.898,"14,717.350",130.025,47.013,6.229,2.493,2.2,4.2,63.612,4.789,1.239,"1,964",97.621,0.343
93,Countries,Fiji,0.370,84,19.608,0.890,59.659,3.501,78.683,,12.329,"13,853.429",132.297,57.643,4.101,2.308,2.5,8.8,,5.827,,870,,
94,Countries,Dominica,,,25.000,0.072,63.121,5.877,,,0.873,"12,155.559",103.870,,,26.588,,,139.787,2.412,,63,,
95,Countries,Maldives,0.369,82,4.598,0.531,69.115,9.030,47.606,31.224,10.043,"18,914.333",99.704,69.790,6.138,0.722,1.6,3.6,135.737,10.109,,"1,484",,
95,Countries,Tunisia,0.296,65,22.581,11.695,67.436,7.232,44.861,31.747,125.783,"10,755.580",155.325,46.124,16.022,,2.2,4.4,110.535,2.487,-5.663,"8,299",88.870,0.213
97,Countries,Saint Vincent and the Grenadines,,,13.043,0.111,63.636,4.487,,23.670,1.379,"12,466.235",109.666,65.868,18.881,36.541,0.9,3.9,85.203,13.565,,80,,
97,Countries,Suriname,0.436,105,31.373,0.581,62.927,6.230,60.532,,9.493,"16,328.686",294.665,51.136,7.334,5.434,10.9,36.1,90.961,1.827,,278,76.254,0.253
99,Countries,Mongolia,0.322,71,17.333,3.225,60.436,4.002,89.011,65.595,39.701,"12,309.771",195.763,59.676,6.011,6.183,3.8,23.3,125.759,17.638,-5.777,529,93.199,0.544
100,Countries,Botswana,0.465,116,10.769,2.304,54.062,6.135,90.460,24.860,40.929,"17,766.488",149.754,70.820,18.193,,5.7,18.3,74.111,1.226,-2.910,"1,623",74.688,0.222
101,Countries,Jamaica,0.396,88,19.048,2.948,66.514,5.988,66.187,27.131,28.780,"9,761.499",162.502,66.029,8.002,43.852,0.9,3.2,89.026,4.930,,"2,473",80.971,0.299
102,Countries,Jordan,0.450,109,15.385,10.102,67.972,8.119,84.157,34.415,100.068,"9,906.054",125.604,39.305,14.715,1.359,2.7,4.7,87.617,2.249,5.200,"4,150",97.608,0.322
103,Countries,Paraguay,0.446,107,16.800,7.045,66.449,6.655,50.089,,89.358,"12,684.596",143.821,72.094,4.809,7.145,6.2,12.3,69.158,1.023,,"1,181",33.703,0.096
104,Countries,Tonga,0.354,79,7.407,0.104,63.906,5.269,93.784,,0.647,"6,266.903",121.094,59.750,1.117,,2.9,5.2,98.220,3.340,,54,,
105,Countries,Libya,0.252,56,15.957,6.777,65.316,,57.501,,102.842,"15,174.165",,49.686,18.563,,2.3,8.7,118.322,0.000,,,99.111,0.372
106,Countries,Uzbekistan,0.288,62,16.400,32.982,60.879,6.414,99.905,10.076,235.021,"6,998.705",,65.060,5.917,1.136,4.6,10.3,73.017,3.947,-12.218,"5,346",97.739,0.409
107,Countries,Bolivia (Plurinational State of),0.417,98,51.807,11.513,63.106,6.443,58.790,,100.446,"8,724.476",148.318,71.813,3.498,6.218,8.9,16.9,56.397,-0.390,,"1,142",84.153,0.294
107,Countries,Indonesia,0.480,121,17.391,270.626,62.551,2.989,50.914,36.311,"3,196.683","11,812.198",151.177,67.496,4.687,0.435,2.2,5.2,37.303,2.196,-0.501,"15,810",66.089,0.172
107,Countries,Philippines,0.430,104,28.049,108.117,62.726,4.446,73.220,35.475,963.122,"8,908.176",129.613,59.621,2.150,6.465,2.3,5.2,68.607,2.030,-0.235,"7,168",62.435,0.162
110,Countries,Belize,0.415,97,11.111,0.390,65.058,5.643,78.951,24.657,2.734,"7,004.912",,65.056,6.413,37.789,2.0,9.9,115.710,6.389,,489,,
111,Countries,Samoa,0.360,81,10.000,0.197,61.821,5.483,74.942,,1.284,"6,517.034",117.556,43.685,8.359,3.146,2.2,8.7,91.123,2.037,,164,,
111,Countries,Turkmenistan,,,25.000,5.942,62.872,6.930,,7.966,86.859,"14,845.329",,64.482,3.913,,3.7,11.0,35.163,4.870,-106.856,,,0.746
113,Countries,Venezuela (Bolivarian Republic of),0.479,119,22.156,28.516,65.437,1.181,69.208,,,,"2,740.274",59.730,8.801,36.688,1.2,6.6,48.091,0.235,-0.632,427,88.378,0.335
114,Countries,South Africa,0.406,93,45.333,58.558,56.177,8.113,75.478,22.366,730.913,"12,481.813",158.928,56.017,28.181,36.399,5.1,21.7,59.205,1.316,3.339,"10,472",86.791,0.617
115,Countries,"Palestine, State of",,,,4.981,64.416,,64.245,44.254,25.869,"5,661.634",112.516,43.838,26.169,0.494,,,79.601,1.796,-11.406,606,,
116,Countries,Egypt,0.449,108,14.933,100.388,62.469,5.288,72.959,35.165,"1,180.890","11,763.254",264.375,46.413,10.760,,1.7,7.2,48.278,2.972,0.706,"11,196",97.929,0.207
117,Countries,Marshall Islands,,,6.061,0.059,57.382,16.403,92.061,,0.227,"3,894.177",,,,,,,125.728,4.407,-17.444,7,,
117,Countries,Viet Nam,0.296,65,26.721,96.462,65.742,5.532,69.779,28.545,775.669,"8,041.179",163.517,77.447,2.013,,3.4,10.8,210.400,6.321,-3.339,"15,498",69.822,0.331
119,Countries,Gabon,0.525,128,17.949,2.173,58.819,2.781,58.820,,32.306,"14,869.791",122.628,52.895,20.004,,4.3,15.0,72.939,5.016,,,22.787,0.103
120,Countries,Kyrgyzstan,0.369,82,19.167,6.416,64.934,6.186,98.420,41.267,33.919,"5,253.097",155.676,59.831,6.330,2.189,3.7,14.8,103.085,1.744,1.469,423,75.476,0.432
121,Countries,Morocco,0.454,111,18.447,36.472,63.825,5.245,32.396,35.936,278.452,"7,514.721",111.068,45.306,9.019,1.416,3.6,2.5,87.463,1.347,-3.074,"12,289",88.469,0.219
122,Countries,Guyana,0.462,115,31.884,0.783,58.366,4.946,64.180,,7.595,"9,702.579",116.191,56.183,11.852,14.249,14.2,46.6,79.082,30.433,-17.026,287,,
123,Countries,Iraq,0.577,146,25.228,39.310,63.379,4.167,48.020,,427.737,"10,881.172",119.857,42.997,12.822,10.070,3.4,4.7,76.374,-1.286,,892,95.984,0.242
124,Countries,El Salvador,0.383,85,30.952,6.454,65.534,7.228,42.819,29.372,56.636,"8,775.987",111.228,59.097,4.110,52.019,4.3,24.8,77.179,2.682,-2.085,"1,677",48.430,0.126
125,Countries,Tajikistan,0.314,70,20.000,9.321,61.844,7.229,94.529,31.257,31.503,"3,379.749",148.568,42.021,11.017,,1.7,5.0,56.643,2.622,-6.602,"1,035",45.984,0.230
126,Countries,Cabo Verde,0.397,89,23.611,0.550,64.619,5.165,30.098,23.617,3.944,"7,171.839",110.502,60.455,12.249,6.804,7.7,24.1,116.215,5.313,-26.868,710,,
127,Countries,Guatemala,0.479,119,19.375,17.581,62.907,5.814,38.113,21.783,143.418,"8,637.555",142.921,62.350,2.459,22.501,1.7,4.4,45.866,1.260,,"1,781",37.379,0.128
128,Countries,Nicaragua,0.428,101,44.565,6.546,65.778,8.645,47.770,,35.392,"5,407.105",162.740,66.405,6.837,7.186,5.0,19.2,95.076,2.750,,"1,256",40.695,0.158
129,Countries,Bhutan,0.421,99,15.278,0.763,63.235,3.187,27.621,15.555,8.559,"11,345.445",167.182,66.714,2.342,1.193,8.9,13.8,86.712,0.108,-32.721,274,,
130,Countries,Namibia,0.440,106,36.957,2.495,56.770,8.551,41.199,22.888,24.040,"9,637.181",157.968,59.534,20.273,,4.9,19.4,83.476,-0.101,-3.067,"1,499",66.719,0.171
131,Countries,India,0.488,123,13.486,"1,366.418",60.521,3.535,39.336,28.061,"9,229.177","6,754.287",180.436,49.293,5.355,3.079,14.5,18.5,40.019,1.760,-0.855,"17,423",73.577,0.256
132,Countries,Honduras,0.423,100,21.094,9.746,63.019,7.858,30.980,26.164,55.826,"5,727.974",150.344,68.771,5.386,38.926,1.7,5.3,96.613,3.806,-1.425,851,52.479,0.229
133,Countries,Bangladesh,0.537,133,20.630,163.046,64.534,2.274,43.980,20.565,775.077,"4,753.726",179.680,58.993,4.190,2.373,6.7,5.5,36.759,0.528,-1.166,"1,026",73.769,0.138
134,Countries,Kiribati,,,6.522,0.118,53.537,10.758,0.000,,0.268,"2,275.171",99.547,,,,5.4,25.9,98.392,-0.582,,7,,
135,Countries,Sao Tome and Principe,0.537,133,14.545,0.215,62.281,6.230,40.802,13.385,0.852,"3,963.784",185.090,57.789,13.369,,2.1,4.2,,5.612,,33,,
136,Countries,Micronesia (Federated States of),,,0.000,0.114,56.676,12.352,0.000,,0.391,"3,468.568",112.097,,,,6.2,16.2,100.852,6.330,,19,,
137,Countries,Lao People's Democratic Republic,0.459,113,27.517,7.169,60.707,2.528,40.547,14.967,56.111,"7,826.389",135.866,78.474,0.626,,6.1,12.9,75.092,7.350,-4.122,"3,770",,
138,Countries,Eswatini (Kingdom of),0.567,143,12.121,1.148,50.611,6.930,33.820,,9.975,"8,688.101",162.597,52.505,22.083,11.558,9.6,25.4,84.413,2.905,-34.430,782,,
138,Countries,Ghana,0.538,135,13.091,30.418,58.220,3.262,63.080,15.692,164.641,"5,412.628",268.361,67.798,4.331,2.091,2.9,15.8,71.378,4.559,-0.370,897,52.543,0.119
140,Countries,Vanuatu,,,0.000,0.300,57.599,3.317,0.000,,0.943,"3,143.628",117.130,69.875,4.385,,2.7,8.1,97.947,4.148,,116,,
141,Countries,Timor-Leste,,,38.462,1.293,61.650,3.882,0.000,,4.039,"3,123.109",145.376,67.338,4.548,4.096,3.7,9.0,63.007,4.456,,75,,
142,Countries,Nepal,0.452,110,33.533,28.609,61.507,5.553,36.212,12.411,97.750,"3,416.791",188.730,83.805,1.407,2.300,8.0,11.4,54.926,0.234,-7.662,"1,173",15.483,0.143
143,Countries,Kenya,0.518,126,23.261,52.574,58.253,4.803,35.200,11.465,227.639,"4,329.871",180.515,74.696,2.642,4.929,2.1,9.7,33.401,1.852,-1.730,"1,364",17.380,0.112
144,Countries,Cambodia,0.474,117,19.251,16.487,61.204,5.919,22.420,13.688,72.356,"4,388.801",127.633,82.313,0.677,,3.2,9.0,123.557,13.681,,"6,201",30.629,0.188
145,Countries,Equatorial Guinea,,,19.186,1.356,57.211,3.107,,,25.164,"18,558.004",124.347,61.967,6.433,,10.8,31.3,107.381,2.981,,,,
146,Countries,Zambia,0.539,137,17.964,17.861,55.082,4.470,44.440,,62.147,"3,479.492",212.309,74.615,11.425,5.372,6.2,17.5,70.035,2.087,,"1,072",10.563,0.098
147,Countries,Myanmar,0.478,118,11.568,54.045,60.852,4.659,25.833,18.816,277.910,"5,142.154",168.183,61.665,1.577,2.258,9.8,6.3,60.689,1.695,-1.097,"3,551",44.290,0.104
148,Countries,Angola,0.536,132,30.000,31.825,56.746,2.792,30.232,9.336,211.763,"6,653.908",,77.493,6.886,,4.6,14.0,66.378,-4.331,,218,48.306,0.102
149,Countries,Congo,0.570,144,13.636,5.381,57.018,2.930,48.817,12.667,17.745,"3,298.068",124.740,69.448,9.472,,5.0,13.9,112.251,36.982,-23.396,156,40.481,0.111
150,Countries,Zimbabwe,0.527,129,34.571,14.645,53.557,6.636,64.935,10.007,41.534,"2,835.949",105.512,83.099,4.954,,11.1,29.1,50.005,3.063,-12.133,"2,580",29.096,0.271
151,Countries,Solomon Islands,,,4.082,0.670,52.729,4.685,,,1.586,"2,367.404",133.062,83.836,0.576,,3.2,8.5,98.394,2.115,,28,,
151,Countries,Syrian Arab Republic,0.482,122,13.200,17.070,63.889,,40.960,40.051,,,,44.114,8.370,0.879,1.1,3.8,,,,"5,070",97.792,0.789
153,Countries,Cameroon,0.560,141,29.286,25.876,55.434,4.671,37.274,12.760,94.518,"3,652.687",118.649,76.073,3.380,1.388,12.5,26.9,40.554,1.977,-7.678,"1,081",38.318,0.077
154,Countries,Pakistan,0.538,135,20.000,216.565,57.200,2.899,37.319,8.958,"1,015.796","4,690.485",182.320,52.573,4.453,3.883,3.1,3.0,30.438,0.797,,966,61.585,0.189
155,Countries,Papua New Guinea,0.725,161,0.000,8.776,56.358,2.469,12.527,,38.506,"4,387.602",155.992,47.192,2.459,,3.8,10.2,,4.846,,140,,
156,Countries,Comoros,,,6.061,0.851,60.340,7.384,,8.995,2.622,"3,081.384",,43.281,4.336,,5.4,17.6,43.095,0.582,-78.828,36,,
,Countries,Low human development,,,,,,,,,,,,,,,,,,,,,,
157,Countries,Mauritania,0.634,151,20.261,4.526,62.169,4.403,18.954,4.999,23.520,"5,197.029",135.019,45.884,9.548,,3.6,12.1,94.218,1.004,-22.136,,,
158,Countries,Benin,0.612,148,7.229,11.801,56.644,3.719,26.592,12.274,38.794,"3,287.310",110.709,70.868,2.232,1.127,9.6,22.6,63.681,0.987,1.244,295,36.725,0.299
159,Countries,Uganda,0.535,131,34.858,44.270,57.755,6.188,32.203,4.837,96.563,"2,181.248",173.871,70.337,1.843,10.524,18.7,21.2,46.019,3.682,6.940,"1,402",,
160,Countries,Rwanda,0.402,92,55.660,12.627,59.832,6.572,13.137,6.726,28.110,"2,226.221",151.089,83.655,1.030,2.577,6.0,16.9,53.661,3.132,-4.261,932,,
161,Countries,Nigeria,,,4.113,200.964,56.039,3.756,,,"1,032.048","5,135.500",267.512,52.907,8.096,34.524,17.1,17.5,33.008,0.502,,"5,265",18.877,0.086
162,Countries,Côte d'Ivoire,0.638,153,13.277,25.717,56.193,4.453,26.780,9.341,134.710,"5,238.261",111.607,56.953,3.317,,13.0,32.0,45.597,1.075,-4.102,"1,965",26.492,0.120
163,Countries,Tanzania (United Republic of),0.556,140,36.896,58.005,58.735,3.645,14.383,4.010,149.785,"2,660.420",187.430,83.412,1.980,6.483,5.4,14.3,32.239,1.821,,"1,378",14.381,0.069
164,Countries,Madagascar,,,16.901,26.969,57.599,5.502,0.000,5.350,44.397,"1,646.220",184.330,86.127,1.758,,3.6,10.5,59.822,4.418,-1.782,291,,
165,Countries,Lesotho,0.553,139,23.026,2.125,45.242,8.763,30.128,10.196,5.882,"2,767.714",155.858,67.884,23.405,43.565,32.6,22.7,134.622,4.782,-13.158,"1,173",,
166,Countries,Djibouti,,,26.154,0.974,58.936,3.317,,,5.373,"5,519.333",120.251,60.243,10.295,,5.3,11.9,298.266,5.643,-39.362,63,,
167,Countries,Togo,0.573,145,16.484,8.082,57.008,6.200,40.762,14.524,12.899,"1,595.929",113.297,77.592,2.038,,10.9,22.7,71.241,-3.379,-14.175,573,17.801,0.180
168,Countries,Senegal,0.533,130,41.818,16.296,59.863,4.134,17.825,12.763,55.324,"3,394.869",109.251,45.684,6.604,0.268,5.2,20.3,60.506,3.649,0.443,"1,365",53.909,0.170
169,Countries,Afghanistan,0.655,157,27.244,38.042,54.111,11.777,26.080,9.686,83.779,"2,202.278",149.896,48.892,11.118,6.656,2.1,10.6,45.621,0.123,-7.429,,,
170,Countries,Haiti,0.636,152,2.740,11.263,55.427,8.036,33.540,,19.473,"1,728.910",179.291,67.184,13.781,6.680,6.4,18.3,74.309,1.087,,447,22.016,0.185
170,Countries,Sudan,0.545,138,27.536,42.813,61.423,6.342,17.539,16.919,169.475,"3,958.468","1,344.193",48.439,16.535,,4.6,14.5,26.722,4.355,,836,31.727,0.106
172,Countries,Gambia,0.612,148,10.345,2.348,58.317,3.282,36.840,,5.181,"2,206.913",172.730,59.401,9.056,,7.3,12.8,65.484,2.029,,552,,
173,Countries,Ethiopia,0.517,125,37.286,112.079,60.221,3.503,17.194,8.105,248.782,"2,219.709",,79.550,2.081,,4.7,18.7,28.742,3.988,,849,6.570,0.073
174,Countries,Malawi,0.565,142,22.917,18.629,56.580,9.648,21.877,,19.741,"1,059.723",418.344,76.718,5.653,,3.2,13.7,66.605,1.475,-31.061,871,,
175,Countries,Congo (Democratic Republic of the),0.617,150,11.987,86.791,56.336,3.979,50.666,6.603,95.292,"1,097.949",133.851,63.462,4.236,,4.9,15.0,67.287,2.743,-1.809,351,5.356,0.034
175,Countries,Guinea-Bissau,,,13.725,1.921,53.615,7.236,,,3.821,"1,989.367",106.940,71.964,2.466,1.149,6.1,8.9,57.009,1.410,,45,,
175,Countries,Liberia,0.650,156,11.650,4.937,56.886,8.155,29.214,,7.050,"1,427.819",223.130,76.315,2.814,,13.0,13.8,127.452,3.956,,,,
178,Countries,Guinea,,,22.807,12.771,53.869,4.123,11.755,11.559,32.746,"2,564.042",262.950,61.534,4.296,,8.4,12.7,108.721,2.890,-6.092,99,,
179,Countries,Yemen,0.795,162,0.971,29.162,58.587,4.235,28.020,,,,157.583,38.000,12.910,6.772,6.2,13.4,,-1.022,-0.792,367,98.489,0.136
180,Countries,Eritrea,,,22.000,3.497,55.863,2.870,,3.363,,,,78.388,5.144,,6.1,22.4,47.394,1.889,,142,23.133,0.076
181,Countries,Mozambique,0.523,127,41.200,30.366,50.798,4.941,16.950,7.313,38.882,"1,280.450",182.315,78.097,3.241,,4.1,14.0,112.151,18.198,-1.185,"2,743",12.620,0.231
182,Countries,Burkina Faso,0.594,147,13.386,20.321,54.160,6.915,8.884,6.502,44.496,"2,189.631",108.359,66.430,6.264,1.250,9.1,22.4,60.182,1.657,-2.612,144,,
182,Countries,Sierra Leone,0.644,155,12.329,7.813,54.062,13.421,26.463,,13.426,"1,718.371",234.159,57.896,4.428,1.729,14.2,18.2,56.696,5.332,,57,,
184,Countries,Mali,0.671,158,9.524,19.658,54.260,3.794,13.101,4.517,45.752,"2,327.371",108.726,70.813,7.224,,4.7,13.5,57.189,2.720,-9.253,14,,
185,Countries,Burundi,0.504,124,38.750,11.531,55.504,7.518,9.401,6.050,8.667,751.664,182.112,79.154,1.427,6.055,7.7,23.1,41.857,0.032,-2.061,299,,
185,Countries,South Sudan,,,26.559,11.062,54.601,9.761,33.085,,,,"4,583.705",72.386,12.244,,4.1,8.3,65.551,0.001,,,72.223,0.405
187,Countries,Chad,0.710,160,14.881,15.947,52.852,4.487,6.059,3.251,25.190,"1,579.627",117.698,70.699,1.891,,13.8,17.1,74.571,5.892,-16.136,87,,
188,Countries,Central African Republic,0.680,159,8.571,4.745,45.710,5.822,22.080,,4.484,944.868,,71.955,3.680,20.120,6.0,18.0,66.135,0.810,3.881,107,,
189,Countries,Niger,0.642,154,16.959,23.311,55.059,7.740,6.686,4.414,28.418,"1,219.077",109.324,72.042,0.475,,6.7,11.5,39.713,3.633,-3.135,157,24.060,0.105
190,Countries,Korea (Democratic People's Rep. of),,,17.613,25.666,64.971,,,27.022,,,,80.370,2.740,,8.0,14.8,,,-0.285,,62.052,0.190
191,Countries,Monaco,,,33.333,0.039,69.161,1.773,,,,,,,,0.000,,,,,-49.541,347,,
192,Countries,Nauru,,,10.526,0.011,56.065,11.018,,,0.146,"11,599.341",,,,,,,99.214,0.000,,,,
193,Countries,San Marino,,,25.000,0.034,70.876,7.364,,42.471,2.005,"59,349.971",110.632,,,,,,268.807,,,84,,
194,Countries,Somalia,,,24.316,15.443,51.512,,,,,,,47.398,11.351,,5.4,11.5,,,,,,
195,Countries,Tuvalu,,,6.250,0.012,59.795,17.143,,,0.050,"4,287.535",,,,,,,,0.702,,3,,
,Human development groups,Very high human development,0.173,,28.277,"1,562.482",68.191,12.012,87.437,77.202,"69,492.296","44,454.438",,60.562,5.499,2.875,5.6,19.7,60.818,1.697,4.270,"997,128",82.322,0.238
,Human development groups,High human development,0.340,,24.460,"2,957.010",66.462,5.733,72.047,45.728,"41,848.520","14,568.821",,64.776,5.957,6.328,5.5,8.9,44.799,1.682,-1.316,"302,142",84.788,0.344
,Human development groups,Medium human development,0.501,,20.352,"2,199.266",60.400,3.684,39.529,23.726,"13,535.529","6,204.522",,53.226,5.182,3.690,10.9,14.6,46.101,1.601,-1.194,"70,759",68.918,0.227
,Human development groups,Low human development,0.592,,22.160,921.362,56.825,4.566,22.680,7.793,"2,522.061","2,878.847",,64.923,5.846,,9.0,16.7,44.199,1.829,-3.403,"22,869",,
,Regions,Arab States,0.518,,17.991,422.790,63.085,4.852,52.498,38.043,"5,955.919","16,487.488",,47.991,10.887,,2.8,6.9,86.028,1.208,-0.805,"109,682",95.478,0.286
,Regions,East Asia and the Pacific,0.324,,20.175,"2,135.955",66.919,4.900,72.386,44.252,"30,742.249","14,847.903",,67.947,3.908,0.996,6.8,8.1,49.679,1.913,-1.355,"195,977",,
,Regions,Europe and Central Asia,0.256,,23.127,248.799,65.083,4.932,83.721,,"4,483.062","18,336.828",,56.959,9.896,3.142,4.1,18.3,73.074,2.155,-5.794,"107,057",86.966,0.295
,Regions,Latin America and the Caribbean,0.389,,31.425,643.474,65.917,8.017,60.275,51.970,"9,537.348","15,808.343",,64.127,8.058,22.346,3.0,10.6,48.456,2.901,-0.062,"107,075",74.483,0.183
,Regions,South Asia,0.505,,17.523,"1,918.211",60.722,4.073,41.365,25.691,"12,677.988","6,623.033",,50.813,5.455,3.135,11.6,14.9,40.640,1.525,-1.043,"31,975",76.914,0.260
,Regions,Sub-Saharan Africa,0.570,,24.049,"1,048.706",56.675,5.084,32.753,9.332,"3,966.628","3,840.129",,67.947,6.403,,8.6,17.4,51.173,1.813,-2.107,"45,441",39.245,0.250
,Others,Least developed countries,0.559,,22.808,"1,033.389",58.547,4.116,28.420,11.286,"2,927.334","3,009.538",,67.233,4.822,,6.6,13.3,53.476,1.859,-2.447,"33,222",,
,Others,Small island developing states,0.458,,25.070,66.179,62.810,5.900,59.506,,"1,074.387","19,769.910",,61.303,5.675,8.923,4.3,14.5,203.132,17.666,2.561,"51,408",,
,Others,Organisation for Economic Co-operation and Development,0.205,,30.833,"1,358.056",68.822,12.508,85.406,72.403,"60,774.798","44,701.447",,60.379,5.486,5.574,5.3,16.5,55.825,1.313,4.527,"791,285",79.623,0.227
,Others,Developing countries,0.463,,22.710,"6,417.935",62.969,5.369,57.566,32.913,"67,363.195","10,845.340",,60.780,5.799,6.189,7.7,12.2,52.443,1.979,-1.220,"597,206",80.505,0.307
,World,World,0.436,,24.640,"7,713.468",63.883,9.882,64.504,38.660,"127,400.608","16,980.348",,60.723,5.628,5.563,7.4,13.7,55.578,1.690,0.420,"1,393,331",80.579,0.262